Record_ID,Month_Label,Month_Num,Time_Hour,Temp_C,Pressure_Clean_hPa,RH_pct,RSSI_dBm
1,Jul 2024,7,8.0,23.0,1015.0,97.0,-90.0
2,Jul 2024,7,8.5,23.0,1015.0,94.0,-92.0
3,Jul 2024,7,9.0,22.0,1015.0,93.0,-93.0
4,Jul 2024,7,9.5,23.0,1016.0,91.0,-95.0
5,Jul 2024,7,10.0,23.0,1016.0,91.0,-98.0
6,Jul 2024,7,10.5,25.0,1016.0,90.0,-91.0
7,Jul 2024,7,11.0,24.0,1013.0,90.0,-95.0
8,Jul 2024,7,11.5,23.0,1014.0,90.0,-97.0
9,Jul 2024,7,12.0,25.0,1015.0,83.0,-90.0
10,Jul 2024,7,12.5,27.0,1013.0,77.0,-103.0
11,Jul 2024,7,13.0,28.0,1013.0,77.0,-96.0
12,Jul 2024,7,13.5,28.0,1013.0,77.0,-97.0
13,Jul 2024,7,14.0,27.0,1012.0,76.0,-98.0
14,Jul 2024,7,14.5,29.0,1012.0,76.0,-97.0
15,Jul 2024,7,15.0,30.0,1012.0,77.0,-93.0
16,Jul 2024,7,15.5,30.0,1011.0,79.0,-94.0
17,Jul 2024,7,16.0,26.0,1011.0,80.0,-95.0
18,Jul 2024,7,16.5,27.0,1011.0,83.0,-96.0
19,Jul 2024,7,17.0,27.0,1011.0,89.0,-97.0
20,Jul 2024,7,17.5,26.0,1012.0,90.0,-98.0
21,Jul 2024,7,18.0,24.0,1012.0,90.0,-97.0
22,Aug 2024,8,8.0,23.0,1015.0,94.0,-102.0
23,Aug 2024,8,8.5,23.0,1015.0,90.0,-101.0
24,Aug 2024,8,9.0,24.0,1015.0,88.0,-95.0
25,Aug 2024,8,9.5,24.0,1014.0,88.0,-100.0
26,Aug 2024,8,10.0,24.0,1015.0,88.0,-100.0
27,Aug 2024,8,10.5,25.0,1016.0,87.0,-100.0
28,Aug 2024,8,11.0,28.0,1013.0,76.0,-100.0
29,Aug 2024,8,11.5,27.0,1012.0,74.0,-101.0
30,Aug 2024,8,12.0,28.0,1015.0,74.0,-103.0
31,Aug 2024,8,12.5,28.0,1013.0,75.0,-101.0
32,Aug 2024,8,13.0,27.0,1013.0,75.0,-98.0
33,Aug 2024,8,13.5,27.0,1013.0,74.0,-98.0
34,Aug 2024,8,14.0,28.0,1012.0,70.0,-97.0
35,Aug 2024,8,14.5,29.0,1012.0,73.0,-97.0
36,Aug 2024,8,15.0,30.0,1012.0,74.0,-97.0
37,Aug 2024,8,15.5,29.0,1011.0,75.0,-98.0
38,Aug 2024,8,16.0,30.0,1011.0,82.0,-99.0
39,Aug 2024,8,16.5,30.0,1012.0,84.0,-98.0
40,Aug 2024,8,17.0,28.0,1011.0,85.0,-98.0
41,Aug 2024,8,17.5,28.0,1010.0,93.0,-96.0
42,Aug 2024,8,18.0,27.0,1012.0,95.0,-97.0
43,Sep 2024,9,8.0,22.0,1013.0,97.0,-102.0
44,Sep 2024,9,8.5,22.0,1013.0,96.0,-102.0
45,Sep 2024,9,9.0,23.0,1013.0,95.0,-101.0
46,Sep 2024,9,9.5,23.0,1013.0,94.0,-101.0
47,Sep 2024,9,10.0,23.0,1014.0,93.0,-102.0
48,Sep 2024,9,10.5,23.0,1014.0,93.0,-104.0
49,Sep 2024,9,11.0,25.0,1013.0,93.0,-107.0
50,Sep 2024,9,11.5,26.0,1011.0,92.0,-107.0
51,Sep 2024,9,12.0,27.0,1011.0,89.0,-107.0
52,Sep 2024,9,12.5,26.0,1010.0,87.0,-105.0
53,Sep 2024,9,13.0,25.0,1009.0,85.0,-103.0
54,Sep 2024,9,13.5,27.0,1008.0,85.0,-105.0
55,Sep 2024,9,14.0,30.0,1008.0,92.0,-106.0
56,Sep 2024,9,14.5,31.0,1008.0,92.0,-104.0
57,Sep 2024,9,15.0,31.0,1008.0,92.0,-105.0
58,Sep 2024,9,15.5,31.0,1009.0,91.0,-105.0
59,Sep 2024,9,16.0,30.0,1008.0,91.0,-106.0
60,Sep 2024,9,16.5,29.0,1009.0,92.0,-105.0
61,Sep 2024,9,17.0,28.0,1009.0,93.0,-103.0
62,Sep 2024,9,17.5,28.0,1010.0,94.0,-104.0
63,Sep 2024,9,18.0,27.0,1010.0,96.0,-101.0
64,Oct 2024,10,8.0,26.0,1014.0,83.0,-95.0
65,Oct 2024,10,8.5,26.0,1014.0,79.0,-96.0
66,Oct 2024,10,9.0,26.0,1015.0,76.0,-96.0
67,Oct 2024,10,9.5,26.0,1015.0,76.0,-96.0
68,Oct 2024,10,10.0,27.0,1015.0,71.0,-97.0
69,Oct 2024,10,10.5,27.0,1015.0,71.0,-101.0
70,Oct 2024,10,11.0,28.0,1014.0,65.0,-100.0
71,Oct 2024,10,11.5,29.0,1013.0,62.0,-99.0
72,Oct 2024,10,12.0,30.0,1013.0,62.0,-94.0
73,Oct 2024,10,12.5,30.0,1012.0,60.0,-91.0
74,Oct 2024,10,13.0,31.0,1010.0,58.0,-89.0
75,Oct 2024,10,13.5,31.0,1010.0,60.0,-92.0
76,Oct 2024,10,14.0,32.0,1010.0,62.0,-100.0
77,Oct 2024,10,14.5,30.0,1010.0,65.0,-98.0
78,Oct 2024,10,15.0,29.0,1009.0,68.0,-95.0
79,Oct 2024,10,15.5,29.0,1010.0,69.0,-96.0
80,Oct 2024,10,16.0,31.0,1010.0,79.0,-97.0
81,Oct 2024,10,16.5,28.0,1010.0,85.0,-96.0
82,Oct 2024,10,17.0,25.0,1010.0,86.0,-94.0
83,Oct 2024,10,17.5,25.0,1010.0,86.0,-92.0
84,Oct 2024,10,18.0,26.0,1010.0,87.0,-90.0
85,Nov 2024,11,8.0,23.0,1015.0,97.0,-103.0
86,Nov 2024,11,8.5,23.0,1015.0,94.0,-105.0
87,Nov 2024,11,9.0,22.0,1015.0,93.0,-107.0
88,Nov 2024,11,9.5,23.0,1016.0,91.0,-96.0
89,Nov 2024,11,10.0,23.0,1016.0,91.0,-114.0
90,Nov 2024,11,10.5,25.0,1016.0,90.0,-112.0
91,Nov 2024,11,11.0,24.0,1013.0,90.0,-111.0
92,Nov 2024,11,11.5,23.0,1014.0,90.0,-112.0
93,Nov 2024,11,12.0,25.0,1015.0,83.0,-103.0
94,Nov 2024,11,12.5,27.0,1013.0,77.0,-102.0
95,Nov 2024,11,13.0,28.0,1013.0,77.0,-104.0
96,Nov 2024,11,13.5,28.0,1013.0,77.0,-98.0
97,Nov 2024,11,14.0,27.0,1012.0,76.0,-93.0
98,Nov 2024,11,14.5,29.0,1012.0,76.0,-100.0
99,Nov 2024,11,15.0,30.0,1012.0,77.0,-112.0
100,Nov 2024,11,15.5,30.0,1011.0,79.0,-110.0
101,Nov 2024,11,16.0,26.0,1011.0,80.0,-108.0
102,Nov 2024,11,16.5,27.0,1011.0,83.0,-111.0
103,Nov 2024,11,17.0,27.0,1011.0,89.0,-110.0
104,Nov 2024,11,17.5,26.0,1012.0,90.0,-106.0
105,Nov 2024,11,18.0,24.0,1012.0,90.0,-100.0
106,Dec 2024,12,7.999999999999991,23.5,1013.5,94.0,-100.0
107,Dec 2024,12,8.500000000000009,23.5,1014.0,93.0,-100.0
108,Dec 2024,12,9.0,23.8,1014.0,92.0,-102.0
109,Dec 2024,12,9.499999999999991,24.0,1014.0,91.0,-105.0
110,Dec 2024,12,10.000000000000009,24.5,1014.5,90.0,-101.5
111,Dec 2024,12,10.5,25.5,1015.0,88.0,-101.5
112,Dec 2024,12,10.999999999999991,26.0,1015.0,84.0,-103.0
113,Dec 2024,12,11.500000000000009,26.3,1020.0,83.0,-105.0
114,Dec 2024,12,12.0,26.5,1014.5,82.5,-103.0
115,Dec 2024,12,12.499999999999993,27.5,1013.5,80.0,-108.0
116,Dec 2024,12,13.000000000000007,30.0,1013.5,75.0,-104.0
117,Dec 2024,12,13.5,28.0,1013.0,73.0,-100.5
118,Dec 2024,12,13.999999999999993,29.5,1011.5,69.5,-98.5
119,Dec 2024,12,14.500000000000007,29.8,1011.0,68.0,-102.5
120,Dec 2024,12,15.0,30.3,1010.0,72.0,-103.0
121,Dec 2024,12,15.499999999999993,30.8,1010.0,71.0,-105.0
122,Dec 2024,12,16.000000000000007,28.0,1010.5,76.0,-100.0
123,Dec 2024,12,16.5,27.6,1010.5,78.0,-99.5
124,Dec 2024,12,16.999999999999993,28.0,1011.0,82.5,-103.0
125,Dec 2024,12,17.500000000000007,27.5,1011.0,82.5,-106.0
126,Dec 2024,12,18.0,27.0,1012.0,86.5,-97.0
127,Jan 2025,1,8.0,22.43,976.73,34.23,-91.42
128,Jan 2025,1,8.5,23.51,977.2,31.87,-92.35
129,Jan 2025,1,9.0,24.88,977.33,29.84,-93.54
130,Jan 2025,1,9.5,26.4,977.51,25.52,-94.85
131,Jan 2025,1,10.0,28.05,977.62,22.02,-96.28
132,Jan 2025,1,10.5,29.69,977.55,20.42,-97.69
133,Jan 2025,1,11.0,30.74,977.43,19.13,-98.6
134,Jan 2025,1,11.5,31.74,977.18,17.9,-99.46
135,Jan 2025,1,12.0,32.75,947.78,17.52,-100.34
136,Jan 2025,1,12.5,33.66,976.52,16.94,-101.12
137,Jan 2025,1,13.0,34.54,976.2,16.39,-101.88
138,Jan 2025,1,13.5,35.18,975.79,15.39,-102.44
139,Jan 2025,1,14.0,35.95,975.25,14.65,-103.1
140,Jan 2025,1,14.5,36.04,974.79,14.9,-103.18
141,Jan 2025,1,15.0,36.25,974.45,15.13,-103.36
142,Jan 2025,1,15.5,36.29,974.09,14.71,-103.4
143,Jan 2025,1,16.0,36.55,973.77,15.03,-103.62
144,Jan 2025,1,16.5,36.46,973.47,15.32,-103.54
145,Jan 2025,1,17.0,36.16,973.52,15.97,-103.28
146,Jan 2025,1,17.5,35.05,967.14,16.19,-102.32
147,Jan 2025,1,18.0,33.9,970.53,17.68,-101.33
148,Feb 2025,2,8.0,26.86,1011.56,64.75,-95.25
149,Feb 2025,2,8.5,27.94,1012.03,62.39,-96.18
150,Feb 2025,2,9.0,29.31,1012.16,60.36,-97.36
151,Feb 2025,2,9.5,30.83,1012.34,56.04,-98.68
152,Feb 2025,2,10.0,32.48,1012.45,52.54,-100.1
153,Feb 2025,2,10.5,34.12,1012.38,50.94,-101.52
154,Feb 2025,2,11.0,35.17,1012.26,49.65,-102.43
155,Feb 2025,2,11.5,36.17,1012.01,48.42,-103.29
156,Feb 2025,2,12.0,37.18,982.61,48.04,-104.16
157,Feb 2025,2,12.5,38.09,1011.35,47.46,-104.95
158,Feb 2025,2,13.0,38.97,1011.03,46.91,-105.71
159,Feb 2025,2,13.5,39.61,1010.62,45.91,-106.26
160,Feb 2025,2,14.0,40.38,1010.08,45.17,-106.93
161,Feb 2025,2,14.5,40.47,1009.62,45.42,-107.01
162,Feb 2025,2,15.0,40.68,1009.28,45.65,-107.19
163,Feb 2025,2,15.5,40.72,1008.92,45.23,-107.22
164,Feb 2025,2,16.0,40.98,1008.6,45.55,-107.45
165,Feb 2025,2,16.5,40.89,1008.3,45.84,-107.37
166,Feb 2025,2,17.0,40.59,1008.35,46.49,-107.11
167,Feb 2025,2,17.5,39.48,1001.97,46.71,-106.15
168,Feb 2025,2,18.0,38.33,1005.36,48.2,-105.16
169,Mar 2025,3,8.0,29.55,976.61,57.4,-97.57
170,Mar 2025,3,8.5,30.44,977.02,55.95,-98.34
171,Mar 2025,3,9.0,31.17,977.2,53.62,-98.97
172,Mar 2025,3,9.5,31.99,977.31,51.85,-99.68
173,Mar 2025,3,10.0,32.92,977.52,49.81,-100.48
174,Mar 2025,3,10.5,33.61,977.52,48.24,-101.08
175,Mar 2025,3,11.0,34.22,977.32,47.85,-101.61
176,Mar 2025,3,11.5,35.08,977.24,44.37,-102.35
177,Mar 2025,3,12.0,35.51,976.92,42.3,-102.72
178,Mar 2025,3,12.5,36.29,976.51,41.2,-103.39
179,Mar 2025,3,13.0,36.97,976.12,40.27,-103.98
180,Mar 2025,3,13.5,37.58,975.67,38.9,-104.51
181,Mar 2025,3,14.0,38.08,975.07,36.69,-104.94
182,Mar 2025,3,14.5,38.38,974.58,34.3,-105.2
183,Mar 2025,3,15.0,38.45,974.23,33.78,-105.26
184,Mar 2025,3,15.5,38.6,973.73,32.69,-105.39
185,Mar 2025,3,16.0,38.68,973.27,32.66,-105.46
186,Mar 2025,3,16.5,38.54,972.96,32.24,-105.34
187,Mar 2025,3,17.0,38.19,973.15,32.66,-105.04
188,Mar 2025,3,17.5,37.42,972.79,34.14,-104.37
189,Mar 2025,3,18.0,36.56,972.92,36.98,-103.63
190,Apr 2025,4,7.999999999999991,26.5,1001.3,79.3,-98.0
191,Apr 2025,4,8.500000000000009,26.76,1001.0,79.0,-98.5
192,Apr 2025,4,9.0,27.0,1000.4,78.9,-99.2
193,Apr 2025,4,9.499999999999991,27.5,1001.0,78.0,-99.5
194,Apr 2025,4,10.000000000000009,29.0,1001.0,78.6,-101.0
195,Apr 2025,4,10.5,29.0,1002.0,78.0,-99.6
196,Apr 2025,4,10.999999999999991,29.3,1002.3,78.4,-100.0
197,Apr 2025,4,11.500000000000009,29.9,1002.0,79.0,-104.0
198,Apr 2025,4,12.0,30.0,1002.1,79.2,-100.0
199,Apr 2025,4,12.499999999999993,30.5,1003.0,74.0,-100.4
200,Apr 2025,4,13.000000000000007,33.0,1000.0,60.1,-100.6
201,Apr 2025,4,13.5,34.0,1001.0,60.0,-101.0
202,Apr 2025,4,13.999999999999993,35.0,1003.0,55.0,-101.4
203,Apr 2025,4,14.500000000000007,35.5,999.0,54.0,-100.9
204,Apr 2025,4,15.0,34.0,998.0,57.0,-104.0
205,Apr 2025,4,15.499999999999993,35.8,998.0,55.0,-102.0
206,Apr 2025,4,16.000000000000007,34.9,999.9,64.0,-100.0
207,Apr 2025,4,16.5,32.0,999.0,69.0,-98.2
208,Apr 2025,4,16.999999999999993,33.2,999.0,70.0,-100.0
209,Apr 2025,4,17.500000000000007,32.0,999.0,72.0,-99.0
210,Apr 2025,4,18.0,27.0,988.7,74.0,-98.0
211,May 2025,5,7.999999999999991,25.4,996.0,80.0,-99.0
212,May 2025,5,8.500000000000009,25.6,999.0,80.0,-103.0
213,May 2025,5,9.0,26.0,996.0,80.0,-102.0
214,May 2025,5,9.499999999999991,25.7,997.3,79.0,-101.0
215,May 2025,5,10.000000000000009,26.0,996.0,79.0,-101.0
216,May 2025,5,10.5,27.9,997.0,79.0,-101.0
217,May 2025,5,10.999999999999991,28.0,998.0,79.0,-103.0
218,May 2025,5,11.500000000000009,28.1,997.0,80.0,-107.0
219,May 2025,5,12.0,28.9,996.0,80.0,-103.0
220,May 2025,5,12.499999999999993,28.0,998.0,75.0,-101.0
221,May 2025,5,13.000000000000007,31.0,998.0,57.0,-103.0
222,May 2025,5,13.5,30.0,997.0,61.0,-106.0
223,May 2025,5,13.999999999999993,31.0,995.0,57.0,-106.0
224,May 2025,5,14.500000000000007,33.0,997.0,54.0,-107.0
225,May 2025,5,15.0,32.0,999.0,58.0,-111.0
226,May 2025,5,15.499999999999993,33.0,993.0,56.0,-107.0
227,May 2025,5,16.000000000000007,30.0,994.0,65.0,-101.0
228,May 2025,5,16.5,29.0,994.0,67.0,-105.0
229,May 2025,5,16.999999999999993,27.0,994.0,71.0,-100.0
230,May 2025,5,17.500000000000007,29.0,994.0,71.0,-100.0
231,May 2025,5,18.0,28.0,996.0,74.0,-99.0
232,Jun 2025,6,7.999999999999991,24.0,999.0,81.0,-109.7
233,Jun 2025,6,8.500000000000009,23.6,1000.0,81.0,-110.2
234,Jun 2025,6,9.0,24.6,998.0,81.0,-109.6
235,Jun 2025,6,9.499999999999991,25.0,999.0,80.0,-109.0
236,Jun 2025,6,10.000000000000009,24.8,998.0,80.0,-108.0
237,Jun 2025,6,10.5,25.3,999.0,80.0,-108.0
238,Jun 2025,6,10.999999999999991,26.0,999.9,80.0,-110.0
239,Jun 2025,6,11.500000000000009,26.4,996.0,81.0,-103.6
240,Jun 2025,6,12.0,27.0,999.0,81.0,-110.0
241,Jun 2025,6,12.499999999999993,27.8,1000.0,76.0,-101.6
242,Jun 2025,6,13.000000000000007,27.4,1000.0,58.0,-111.0
243,Jun 2025,6,13.5,28.4,999.0,62.0,-110.6
244,Jun 2025,6,13.999999999999993,28.0,997.0,58.0,-117.0
245,Jun 2025,6,14.500000000000007,28.1,1000.6,55.0,-111.0
246,Jun 2025,6,15.0,29.0,999.8,59.0,-110.5
247,Jun 2025,6,15.499999999999993,28.7,989.7,57.0,-111.7
248,Jun 2025,6,16.000000000000007,28.0,1000.0,66.0,-109.4
249,Jun 2025,6,16.5,28.0,1000.9,68.0,-111.0
250,Jun 2025,6,16.999999999999993,27.0,1001.0,72.0,-110.7
251,Jun 2025,6,17.500000000000007,26.6,998.6,72.0,-110.5
252,Jun 2025,6,18.0,26.0,996.0,75.0,-98.6
